document_id,text,category
LD025,The court considered whether the prosecution had established the required elements of the alleged criminal offence.,Criminal
LD007,"The employment agreement specifies the employee's duties, compensation, working conditions, and notice requirements.",Contract
LD094,"The parties submitted arguments concerning equality, liberty, and the scope of governmental authority.",Constitutional Law
LD110,The parties submitted technical reports concerning the environmental impact of the proposed activity.,Environmental Law
LD105,"The court considered environmental assessments, regulatory permissions, and submissions from affected parties.",Environmental Law
LD173,The investigating officer submitted the case materials and statements collected during the investigation. The matter was placed before the competent authority for consideration.,Criminal
LD234,The taxpayer submitted records and supporting documents concerning deductions claimed in the tax return. The matter was placed before the competent authority for consideration.,Tax Law
LD087,"The assessment order identifies income, deductions, tax calculations, interest, and applicable penalties.",Tax Law
LD010,"This memorandum records the commercial terms agreed by the parties, including responsibilities, payment, and dispute resolution.",Contract
LD144,The respondent challenged the jurisdiction of the arbitral tribunal over the dispute.,Arbitration Law
LD046,The applicant sought temporary maintenance pending final determination of the matrimonial dispute.,Family Law
LD207,The purchaser requested registration of the property transfer following completion of the sale transaction. The matter was placed before the competent authority for consideration.,Property Law
LD115,"The consumer forum examined the invoice, warranty documents, correspondence, and evidence submitted by the parties.",Consumer Law
LD169,The court examined whether the claimant had established the facts necessary to obtain the requested civil remedy. The matter was placed before the competent authority for consideration.,Civil
LD114,The service provider disputed the allegations and submitted records concerning the transaction.,Consumer Law
LD231,The taxpayer challenged the assessment issued by the tax authority and requested reconsideration of the tax liability. The matter was placed before the competent authority for consideration.,Tax Law
LD186,"The patent specification identifies the invention, background technology, claims, and detailed description. The matter was placed before the competent authority for consideration.",Intellectual Property
LD016,The court directed the parties to submit additional documents relevant to the civil dispute.,Civil
LD153,"The supplier shall deliver the goods according to the quantity, quality, price, and delivery conditions stated in this agreement. The matter was placed before the competent authority for consideration.",Contract
LD126,The borrower requested restructuring of the loan and submitted financial information to the bank.,Banking Law
LD128,"The court examined the loan agreement, repayment history, security documents, and notices issued by the bank.",Banking Law
LD020,The civil proceeding concerns recovery of money allegedly due under a disputed transaction.,Civil
LD236,The petitioner disputes the penalty imposed for alleged non-compliance with tax reporting requirements. The matter was placed before the competent authority for consideration.,Tax Law
LD031,The applicant seeks registration of a trademark for goods and services described in the application.,Intellectual Property
LD177,The witness statement described events that the prosecution relied upon in support of the criminal charge. The matter was placed before the competent authority for consideration.,Criminal
LD151,This agreement is entered into by and between the parties and sets out the terms and conditions of the business arrangement. The matter was placed before the competent authority for consideration.,Contract
LD011,The plaintiff filed a civil suit seeking compensation for loss allegedly caused by the defendant's actions.,Civil
LD202,The claimant disputes the defendant's possession of land and seeks recognition of the claimant's property rights. The matter was placed before the competent authority for consideration.,Property Law
LD238,The taxpayer requested relief from the disputed tax demand on grounds stated in the appeal. The matter was placed before the competent authority for consideration.,Tax Law
LD154,"This service agreement describes the services to be provided, payment terms, confidentiality obligations, and termination conditions. The matter was placed before the competent authority for consideration.",Contract
LD097,The case raises questions about fundamental rights and the constitutional responsibilities of public authorities.,Constitutional Law
LD229,The directors submitted financial and corporate records for consideration at the annual meeting. The matter was placed before the competent authority for consideration.,Corporate Law
LD026,A complaint was registered regarding the alleged unlawful conduct and an investigation was initiated.,Criminal
LD183,The owner alleges that the defendant used a protected trademark without authorization in connection with commercial goods. The matter was placed before the competent authority for consideration.,Intellectual Property
LD019,The court examined whether the claimant had established the facts necessary to obtain the requested civil remedy.,Civil
LD070,"The tribunal reviewed employment records, salary statements, and correspondence between the employee and employer.",Labour Law
LD193,The parties requested orders concerning maintenance and financial support during the family proceeding. The matter was placed before the competent authority for consideration.,Family Law
LD056,The mortgage document creates a security interest over the property for the repayment of the loan.,Property Law
LD080,"The corporate dispute concerns shareholder rights, board decisions, and compliance with company law.",Corporate Law
LD176,A complaint was registered regarding the alleged unlawful conduct and an investigation was initiated. The matter was placed before the competent authority for consideration.,Criminal
LD228,"The merger proposal describes the rights of shareholders, assets, liabilities, and corporate obligations. The matter was placed before the competent authority for consideration.",Corporate Law
LD113,The consumer alleged that the seller failed to provide the goods in accordance with the advertised specifications.,Consumer Law
LD222,The company filed corporate documents relating to changes in directors and registered office details. The matter was placed before the competent authority for consideration.,Corporate Law
LD017,The petitioner challenged the conduct of the defendant and requested appropriate relief under civil law.,Civil
LD157,"The employment agreement specifies the employee's duties, compensation, working conditions, and notice requirements. The matter was placed before the competent authority for consideration.",Contract
LD067,The parties disputed the interpretation of workplace policies and the employee's contractual rights.,Labour Law
LD166,The court directed the parties to submit additional documents relevant to the civil dispute. The matter was placed before the competent authority for consideration.,Civil
LD039,The licensing agreement grants limited rights to use the intellectual property subject to specified conditions.,Intellectual Property
LD140,The insurer relied on a policy exclusion while defending the decision to reject the claim.,Insurance Law
LD061,The employee challenged the termination of employment and requested appropriate relief under employment law.,Labour Law
LD205,The parties disputed the boundary of adjoining parcels of land and requested a legal determination. The matter was placed before the competent authority for consideration.,Property Law
LD187,The trademark opposition challenges the application on grounds relating to similarity and likelihood of confusion. The matter was placed before the competent authority for consideration.,Intellectual Property
LD208,The court considered title documents and other records while determining ownership of the disputed property. The matter was placed before the competent authority for consideration.,Property Law
LD194,The petition concerns division of matrimonial property and other financial issues arising between the spouses. The matter was placed before the competent authority for consideration.,Family Law
LD225,The board resolution authorized the company to enter into the proposed commercial transaction. The matter was placed before the competent authority for consideration.,Corporate Law
LD210,"The property dispute concerns title, possession, registration, and rights arising from the transfer of land. The matter was placed before the competent authority for consideration.",Property Law
LD116,The complaint seeks compensation for loss allegedly caused by defective goods and inadequate service.,Consumer Law
LD220,"The tribunal reviewed employment records, salary statements, and correspondence between the employee and employer. The matter was placed before the competent authority for consideration.",Labour Law
LD074,The shareholder requested inspection of company records and information concerning corporate transactions.,Corporate Law
LD137,The court examined the policy wording and correspondence exchanged between the insured and insurer.,Insurance Law
LD096,The petitioner requested a declaration concerning the constitutional validity of the challenged measure.,Constitutional Law
LD127,The dispute concerns recovery of a debt arising from a credit facility granted by the bank.,Banking Law
LD121,The borrower disputed the amount claimed by the bank under the loan agreement.,Banking Law
LD068,The employee requested reinstatement following termination of employment.,Labour Law
LD102,The environmental authority examined potential impacts of the proposed industrial development on air and water.,Environmental Law
LD069,The labour proceeding concerns overtime payments and compliance with applicable employment standards.,Labour Law
LD109,The authority issued a notice concerning alleged violations of pollution control requirements.,Environmental Law
LD085,The tax authority issued a demand following review of the taxpayer's filings and financial records.,Tax Law
LD118,The proceeding concerns misleading representations made in connection with the sale of consumer goods.,Consumer Law
LD195,"The court directed the parties to provide information relevant to the child's education, residence, and welfare. The matter was placed before the competent authority for consideration.",Family Law
LD178,The defence argued that the evidence was insufficient to establish the accused's involvement in the alleged offence. The matter was placed before the competent authority for consideration.,Criminal
LD112,"The complaint concerns deficiency in service and seeks refund, replacement, or other appropriate relief.",Consumer Law
LD030,"The investigation report contained details of the alleged offence, witnesses, documents, and material collected by investigators.",Criminal
LD125,"The bank submitted account statements, loan documents, and correspondence in support of its claim.",Banking Law
LD076,The petition concerns alleged breaches of corporate governance requirements by the directors.,Corporate Law
LD083,The appeal concerns the calculation of taxable income and the amount of tax assessed by the authority.,Tax Law
LD006,The purchaser agrees to pay the agreed consideration after receiving the goods in accordance with the contract.,Contract
LD057,The purchaser requested registration of the property transfer following completion of the sale transaction.,Property Law
LD165,The plaintiff sought damages for breach of a legal duty and relied on documentary evidence in support of the claim. The matter was placed before the competent authority for consideration.,Civil
LD160,"This memorandum records the commercial terms agreed by the parties, including responsibilities, payment, and dispute resolution. The matter was placed before the competent authority for consideration.",Contract
LD098,The government defended the challenged measure and submitted reasons supporting its legal validity.,Constitutional Law
LD066,The claim seeks payment of benefits and compensation allegedly arising from the employment relationship.,Labour Law
LD213,The employee filed a complaint concerning unpaid salary and other amounts allegedly due from the employer. The matter was placed before the competent authority for consideration.,Labour Law
LD209,The tenant challenged the notice seeking eviction from the rented premises. The matter was placed before the competent authority for consideration.,Property Law
LD143,"The arbitral tribunal considered submissions, evidence, and contractual documents presented by both parties.",Arbitration Law
LD032,The patent application describes an invention and claims protection for the technical features disclosed in the specification.,Intellectual Property
LD013,The claimant requested an injunction preventing the defendant from interfering with the claimant's lawful property rights.,Civil
LD036,"The patent specification identifies the invention, background technology, claims, and detailed description.",Intellectual Property
LD029,The court recorded the plea of the accused and scheduled the matter for further proceedings.,Criminal
LD043,The parties requested orders concerning maintenance and financial support during the family proceeding.,Family Law
LD224,The shareholder requested inspection of company records and information concerning corporate transactions. The matter was placed before the competent authority for consideration.,Corporate Law
LD149,The respondent filed an application challenging the arbitral award on grounds permitted by law.,Arbitration Law
LD162,"The court considered the pleadings, documents, and evidence submitted by both parties in the civil proceeding. The matter was placed before the competent authority for consideration.",Civil
LD052,The claimant disputes the defendant's possession of land and seeks recognition of the claimant's property rights.,Property Law
LD138,The insurance dispute concerns the amount payable under the terms of the policy.,Insurance Law
LD191,The petitioner filed a matrimonial proceeding seeking dissolution of marriage on grounds stated in the petition. The matter was placed before the competent authority for consideration.,Family Law
LD077,The company issued shares in accordance with the terms approved by the board and shareholders.,Corporate Law
LD042,The court considered the welfare of the child while deciding the application concerning custody and visitation.,Family Law
LD163,The claimant requested an injunction preventing the defendant from interfering with the claimant's lawful property rights. The matter was placed before the competent authority for consideration.,Civil
LD147,"The tribunal issued directions concerning pleadings, evidence, hearings, and submissions of the parties.",Arbitration Law
LD079,The directors submitted financial and corporate records for consideration at the annual meeting.,Corporate Law
LD142,The claimant requested appointment of an arbitrator in accordance with the arbitration agreement.,Arbitration Law
LD027,The witness statement described events that the prosecution relied upon in support of the criminal charge.,Criminal
LD232,The notice alleges that the taxpayer failed to disclose information required under the applicable tax rules. The matter was placed before the competent authority for consideration.,Tax Law
LD216,The claim seeks payment of benefits and compensation allegedly arising from the employment relationship. The matter was placed before the competent authority for consideration.,Labour Law
LD239,The proceeding examines whether the taxpayer complied with statutory filing and payment obligations. The matter was placed before the competent authority for consideration.,Tax Law
LD133,"The dispute concerns interpretation of coverage, exclusions, premium payments, and claim settlement.",Insurance Law
LD001,This agreement is entered into by and between the parties and sets out the terms and conditions of the business arrangement.,Contract
LD003,"The supplier shall deliver the goods according to the quantity, quality, price, and delivery conditions stated in this agreement.",Contract
LD078,"The merger proposal describes the rights of shareholders, assets, liabilities, and corporate obligations.",Corporate Law
LD047,The parties participated in counselling and mediation concerning their matrimonial dispute.,Family Law
LD101,The petitioner challenges approval granted for a project on grounds relating to environmental protection.,Environmental Law
LD120,The complaint alleges unfair business practices and requests an appropriate consumer remedy.,Consumer Law
LD145,The arbitration proceeding concerns payment obligations arising from a commercial contract.,Arbitration Law
LD174,The accused denied the allegations and requested the court to consider the evidence presented by the prosecution. The matter was placed before the competent authority for consideration.,Criminal
LD091,The petitioner challenges the validity of a government action on constitutional grounds.,Constitutional Law
LD086,The petitioner disputes the penalty imposed for alleged non-compliance with tax reporting requirements.,Tax Law
LD168,The parties attempted mediation to resolve the property dispute before continuing with the civil litigation. The matter was placed before the competent authority for consideration.,Civil
LD159,The parties shall maintain confidential information received during performance of the agreement and shall not disclose it without authorization. The matter was placed before the competent authority for consideration.,Contract
LD099,The constitutional petition requests appropriate judicial relief against the alleged violation of a protected right.,Constitutional Law
LD037,The trademark opposition challenges the application on grounds relating to similarity and likelihood of confusion.,Intellectual Property
LD141,The parties invoked the arbitration clause contained in their agreement to resolve the commercial dispute.,Arbitration Law
LD062,"The dispute concerns wages, working conditions, and alleged violation of employment obligations by the employer.",Labour Law
LD023,The investigating officer submitted the case materials and statements collected during the investigation.,Criminal
LD119,The consumer authority considered whether the service provider had fulfilled its contractual obligations.,Consumer Law
LD156,The purchaser agrees to pay the agreed consideration after receiving the goods in accordance with the contract. The matter was placed before the competent authority for consideration.,Contract
LD197,The parties participated in counselling and mediation concerning their matrimonial dispute. The matter was placed before the competent authority for consideration.,Family Law
LD034,The copyright owner claims that the work was reproduced and distributed without permission.,Intellectual Property
LD012,"The court considered the pleadings, documents, and evidence submitted by both parties in the civil proceeding.",Civil
LD235,The tax authority issued a demand following review of the taxpayer's filings and financial records. The matter was placed before the competent authority for consideration.,Tax Law
LD028,The defence argued that the evidence was insufficient to establish the accused's involvement in the alleged offence.,Criminal
LD148,The applicant seeks enforcement of the arbitral award issued following the arbitration proceedings.,Arbitration Law
LD005,The parties acknowledge that any amendment to this contract must be made in writing and accepted by both parties.,Contract
LD123,The proceeding concerns enforcement of security created in favour of the lending institution.,Banking Law
LD033,The owner alleges that the defendant used a protected trademark without authorization in connection with commercial goods.,Intellectual Property
LD139,The claimant seeks payment of benefits allegedly due under the insurance contract.,Insurance Law
LD171,The accused was charged with an offence under the applicable criminal law and appeared before the court. The matter was placed before the competent authority for consideration.,Criminal
LD063,The employee filed a complaint concerning unpaid salary and other amounts allegedly due from the employer.,Labour Law
LD136,The claimant challenged the insurer's decision to deny coverage for the reported loss.,Insurance Law
LD129,The financial institution initiated proceedings to recover amounts due under the credit agreement.,Banking Law
LD217,The parties disputed the interpretation of workplace policies and the employee's contractual rights. The matter was placed before the competent authority for consideration.,Labour Law
LD181,The applicant seeks registration of a trademark for goods and services described in the application. The matter was placed before the competent authority for consideration.,Intellectual Property
LD071,The shareholders challenged a resolution passed at a meeting of the company's board of directors.,Corporate Law
LD184,The copyright owner claims that the work was reproduced and distributed without permission. The matter was placed before the competent authority for consideration.,Intellectual Property
LD065,The employer responded to allegations concerning workplace conditions and disciplinary action against the employee.,Labour Law
LD045,"The court directed the parties to provide information relevant to the child's education, residence, and welfare.",Family Law
LD155,The parties acknowledge that any amendment to this contract must be made in writing and accepted by both parties. The matter was placed before the competent authority for consideration.,Contract
LD041,The petitioner filed a matrimonial proceeding seeking dissolution of marriage on grounds stated in the petition.,Family Law
LD124,The customer challenged a banking transaction and requested investigation of the disputed account entry.,Banking Law
LD024,The accused denied the allegations and requested the court to consider the evidence presented by the prosecution.,Criminal
LD179,The court recorded the plea of the accused and scheduled the matter for further proceedings. The matter was placed before the competent authority for consideration.,Criminal
LD198,The custody application asks the court to determine appropriate arrangements for the minor child. The matter was placed before the competent authority for consideration.,Family Law
LD082,The notice alleges that the taxpayer failed to disclose information required under the applicable tax rules.,Tax Law
LD040,The applicant submitted evidence of prior use of the mark in support of the trademark registration.,Intellectual Property
LD201,The deed records the transfer of ownership of the property from the seller to the purchaser. The matter was placed before the competent authority for consideration.,Property Law
LD048,The custody application asks the court to determine appropriate arrangements for the minor child.,Family Law
LD095,The court considered the constitutional limits on the exercise of public power.,Constitutional Law
LD182,The patent application describes an invention and claims protection for the technical features disclosed in the specification. The matter was placed before the competent authority for consideration.,Intellectual Property
LD044,The petition concerns division of matrimonial property and other financial issues arising between the spouses.,Family Law
LD146,The parties agreed that disputes arising from the agreement would be resolved through arbitration.,Arbitration Law
LD227,The company issued shares in accordance with the terms approved by the board and shareholders. The matter was placed before the competent authority for consideration.,Corporate Law
LD004,"This service agreement describes the services to be provided, payment terms, confidentiality obligations, and termination conditions.",Contract
LD106,The project developer was required to comply with conditions imposed by the environmental authority.,Environmental Law
LD054,The landlord initiated proceedings concerning possession of the leased premises and unpaid rent.,Property Law
LD134,"The policyholder submitted medical, financial, and other records supporting the insurance claim.",Insurance Law
LD218,The employee requested reinstatement following termination of employment. The matter was placed before the competent authority for consideration.,Labour Law
LD185,The parties disputed whether the design qualified for protection under applicable intellectual property law. The matter was placed before the competent authority for consideration.,Intellectual Property
LD223,The dispute concerns the duties of directors and the management of the company's affairs. The matter was placed before the competent authority for consideration.,Corporate Law
LD050,The court reviewed financial records while considering the maintenance application between the parties.,Family Law
LD164,A dispute concerning ownership and possession of property was brought before the civil court for determination. The matter was placed before the competent authority for consideration.,Civil
LD081,The taxpayer challenged the assessment issued by the tax authority and requested reconsideration of the tax liability.,Tax Law
LD035,The parties disputed whether the design qualified for protection under applicable intellectual property law.,Intellectual Property
LD008,The lease agreement grants the tenant the right to occupy the property subject to rent and other stated conditions.,Contract
LD172,The prosecution presented evidence concerning the alleged offence and examined witnesses during the criminal trial. The matter was placed before the competent authority for consideration.,Criminal
LD111,The consumer filed a complaint alleging that the purchased product was defective and requested compensation.,Consumer Law
LD092,The court examined whether the challenged provision is consistent with constitutional rights and principles.,Constitutional Law
LD084,The taxpayer submitted records and supporting documents concerning deductions claimed in the tax return.,Tax Law
LD214,The tribunal examined whether the dismissal complied with the applicable employment rules and procedures. The matter was placed before the competent authority for consideration.,Labour Law
LD219,The labour proceeding concerns overtime payments and compliance with applicable employment standards. The matter was placed before the competent authority for consideration.,Labour Law
LD090,"The court reviewed the tax assessment, relevant financial records, and submissions made by the taxpayer.",Tax Law
LD009,The parties shall maintain confidential information received during performance of the agreement and shall not disclose it without authorization.,Contract
LD014,A dispute concerning ownership and possession of property was brought before the civil court for determination.,Civil
LD060,"The property dispute concerns title, possession, registration, and rights arising from the transfer of land.",Property Law
LD206,The mortgage document creates a security interest over the property for the repayment of the loan. The matter was placed before the competent authority for consideration.,Property Law
LD132,The insurer rejected the claim and stated reasons concerning the policy terms and exclusions.,Insurance Law
LD018,The parties attempted mediation to resolve the property dispute before continuing with the civil litigation.,Civil
LD167,The petitioner challenged the conduct of the defendant and requested appropriate relief under civil law. The matter was placed before the competent authority for consideration.,Civil
LD073,The dispute concerns the duties of directors and the management of the company's affairs.,Corporate Law
LD230,"The corporate dispute concerns shareholder rights, board decisions, and compliance with company law. The matter was placed before the competent authority for consideration.",Corporate Law
LD135,The insurer requested additional documents before deciding the claim under the policy.,Insurance Law
LD196,The applicant sought temporary maintenance pending final determination of the matrimonial dispute. The matter was placed before the competent authority for consideration.,Family Law
LD221,The shareholders challenged a resolution passed at a meeting of the company's board of directors. The matter was placed before the competent authority for consideration.,Corporate Law
LD064,The tribunal examined whether the dismissal complied with the applicable employment rules and procedures.,Labour Law
LD055,The parties disputed the boundary of adjoining parcels of land and requested a legal determination.,Property Law
LD108,The environmental proceeding examines whether the operator complied with applicable regulatory standards.,Environmental Law
LD051,The deed records the transfer of ownership of the property from the seller to the purchaser.,Property Law
LD199,The petition includes allegations and responses concerning the marital relationship and requested family-law remedies. The matter was placed before the competent authority for consideration.,Family Law
LD175,The court considered whether the prosecution had established the required elements of the alleged criminal offence. The matter was placed before the competent authority for consideration.,Criminal
LD200,The court reviewed financial records while considering the maintenance application between the parties. The matter was placed before the competent authority for consideration.,Family Law
LD190,The applicant submitted evidence of prior use of the mark in support of the trademark registration. The matter was placed before the competent authority for consideration.,Intellectual Property
LD237,"The assessment order identifies income, deductions, tax calculations, interest, and applicable penalties. The matter was placed before the competent authority for consideration.",Tax Law
LD212,"The dispute concerns wages, working conditions, and alleged violation of employment obligations by the employer. The matter was placed before the competent authority for consideration.",Labour Law
LD170,The civil proceeding concerns recovery of money allegedly due under a disputed transaction. The matter was placed before the competent authority for consideration.,Civil
LD059,The tenant challenged the notice seeking eviction from the rented premises.,Property Law
LD049,The petition includes allegations and responses concerning the marital relationship and requested family-law remedies.,Family Law
LD089,The proceeding examines whether the taxpayer complied with statutory filing and payment obligations.,Tax Law
LD022,The prosecution presented evidence concerning the alleged offence and examined witnesses during the criminal trial.,Criminal
LD058,The court considered title documents and other records while determining ownership of the disputed property.,Property Law
LD204,The landlord initiated proceedings concerning possession of the leased premises and unpaid rent. The matter was placed before the competent authority for consideration.,Property Law
LD161,The plaintiff filed a civil suit seeking compensation for loss allegedly caused by the defendant's actions. The matter was placed before the competent authority for consideration.,Civil
LD233,The appeal concerns the calculation of taxable income and the amount of tax assessed by the authority. The matter was placed before the competent authority for consideration.,Tax Law
LD188,The claimant requested an injunction against unauthorized use of its copyrighted software. The matter was placed before the competent authority for consideration.,Intellectual Property
LD192,The court considered the welfare of the child while deciding the application concerning custody and visitation. The matter was placed before the competent authority for consideration.,Family Law
LD130,The customer alleges unauthorized activity in the bank account and seeks appropriate relief.,Banking Law
LD038,The claimant requested an injunction against unauthorized use of its copyrighted software.,Intellectual Property
LD158,The lease agreement grants the tenant the right to occupy the property subject to rent and other stated conditions. The matter was placed before the competent authority for consideration.,Contract
LD226,The petition concerns alleged breaches of corporate governance requirements by the directors. The matter was placed before the competent authority for consideration.,Corporate Law
LD002,The parties agree to perform their respective obligations under this contract within the period specified in the agreement.,Contract
LD053,"The sale deed contains the description, boundaries, consideration, and terms relating to the property transaction.",Property Law
LD150,The arbitration agreement specifies the procedure and forum for resolving disputes between the parties.,Arbitration Law
LD131,The insured filed a claim under the insurance policy following the occurrence of the insured event.,Insurance Law
LD152,The parties agree to perform their respective obligations under this contract within the period specified in the agreement. The matter was placed before the competent authority for consideration.,Contract
LD104,The claimant alleges that industrial activity has caused environmental harm to the surrounding area.,Environmental Law
LD100,The court considered statutory provisions together with constitutional principles while deciding the petition.,Constitutional Law
LD117,The purchaser requested replacement of the product after reporting repeated defects to the seller.,Consumer Law
LD088,The taxpayer requested relief from the disputed tax demand on grounds stated in the appeal.,Tax Law
LD203,"The sale deed contains the description, boundaries, consideration, and terms relating to the property transaction. The matter was placed before the competent authority for consideration.",Property Law
LD075,The board resolution authorized the company to enter into the proposed commercial transaction.,Corporate Law
LD215,The employer responded to allegations concerning workplace conditions and disciplinary action against the employee. The matter was placed before the competent authority for consideration.,Labour Law
LD211,The employee challenged the termination of employment and requested appropriate relief under employment law. The matter was placed before the competent authority for consideration.,Labour Law
LD122,The bank issued a notice concerning repayment of the outstanding loan and applicable interest.,Banking Law
LD240,"The court reviewed the tax assessment, relevant financial records, and submissions made by the taxpayer. The matter was placed before the competent authority for consideration.",Tax Law
LD021,The accused was charged with an offence under the applicable criminal law and appeared before the court.,Criminal
LD189,The licensing agreement grants limited rights to use the intellectual property subject to specified conditions. The matter was placed before the competent authority for consideration.,Intellectual Property
LD072,The company filed corporate documents relating to changes in directors and registered office details.,Corporate Law
LD107,"The petition seeks directions concerning pollution, waste management, and protection of natural resources.",Environmental Law
LD015,The plaintiff sought damages for breach of a legal duty and relied on documentary evidence in support of the claim.,Civil
LD093,The petition seeks judicial review of an administrative decision alleged to affect a constitutional right.,Constitutional Law
LD180,"The investigation report contained details of the alleged offence, witnesses, documents, and material collected by investigators. The matter was placed before the competent authority for consideration.",Criminal
LD103,The application concerns compliance with environmental clearance and pollution control requirements.,Environmental Law
